score_org	score_pca
0.5416666666666666	0.3392857142857143
